"oltIp","port","onuId","interfaceName","serialNumber","description"
"172.17.0.206","4","0","onu 1101.4.0","ADTN12345678","onu-0/4-0 - Dummy ONT"
"172.17.0.206","7","20","onu 1101.7.20","ADTN201166F6","onu-0/7-20 - 20 HAZEL CRESCENT, PETERLEE, SR8 3HP"
"172.17.0.207","1","127","onu 1101.1.127","ADTN12345678","onu-0/1-127 - initial provision"
"172.17.0.207","2","127","onu 1101.2.127","ADTN12345678","onu-0/2-127 - initial provision"
"172.17.0.207","3","127","onu 1101.3.127","ADTN12345678","onu-0/3-127 - initial provision"
"172.17.0.207","4","127","onu 1101.4.127","ADTN12345678","onu-0/4-127 - initial provision"
"172.17.0.207","5","127","onu 1101.5.127","ADTN12345678","onu-0/5-127 - initial provision"
"172.17.0.207","6","127","onu 1101.6.127","ADTN12345678","onu-0/6-127 - initial provision"
"172.17.0.207","7","127","onu 1101.7.127","ADTN12345678","onu-0/7-127 - initial provision"
"172.17.0.207","8","127","onu 1101.8.127","ADTN12345678","onu-0/8-127 - initial provision"
"172.17.0.207","9","127","onu 1101.9.127","ADTN12345678","onu-0/9-127 - initial provision"
"172.17.0.207","10","127","onu 1101.10.127","ADTN12345678","onu-0/10-127 - initial provision"
"172.17.0.207","11","127","onu 1101.11.127","ADTN12345678","onu-0/11-127 - initial provision"
"172.17.0.207","12","127","onu 1101.12.127","ADTN12345678","onu-0/12-127 - initial provision"
"172.17.0.207","13","127","onu 1101.13.127","ADTN12345678","onu-0/13-127 - initial provision"
"172.17.0.207","14","127","onu 1101.14.127","ADTN12345678","onu-0/14-127 - initial provision"
"172.17.0.207","15","127","onu 1101.15.127","ADTN12345678","onu-0/15-127 - initial provision"
"172.17.1.3","1","127","onu 1101.1.127","ADTN12345678","onu-0/1-127 - initial provision"
"172.17.1.3","2","127","onu 1101.2.127","ADTN12345678","onu-0/2-127 - initial provision"
"172.17.1.3","3","127","onu 1101.3.127","ADTN12345678","onu-0/3-127 - initial provision"
"172.17.1.3","4","127","onu 1101.4.127","ADTN12345678","onu-0/4-127 - initial provision"
"172.17.1.3","5","127","onu 1101.5.127","ADTN12345678","onu-0/5-127 - initial provision"
"172.17.1.3","6","127","onu 1101.6.127","ADTN12345678","onu-0/6-127 - initial provision"
"172.17.1.3","7","127","onu 1101.7.127","ADTN12345678","onu-0/7-127 - initial provision"
"172.17.1.3","8","127","onu 1101.8.127","ADTN12345678","onu-0/8-127 - initial provision"
"172.17.1.3","9","127","onu 1101.9.127","ADTN12345678","onu-0/9-127 - initial provision"
"172.17.1.3","10","127","onu 1101.10.127","ADTN12345678","onu-0/10-127 - initial provision"
"172.17.1.3","11","127","onu 1101.11.127","ADTN12345678","onu-0/11-127 - initial provision"
"172.17.1.3","12","127","onu 1101.12.127","ADTN12345678","onu-0/12-127 - initial provision"
"172.17.1.3","13","127","onu 1101.13.127","ADTN12345678","onu-0/13-127 - initial provision"
"172.17.1.3","14","127","onu 1101.14.127","ADTN12345678","onu-0/14-127 - initial provision"
"172.17.1.3","15","127","onu 1101.15.127","ADTN12345678","onu-0/15-127 - initial provision"
"172.17.1.3","16","127","onu 1101.0.127","ADTN12345678","onu-0/0-127 - initial provision"
"172.17.0.208","1","1","onu 1101.1.1","ADTN20111E5F","onu-0/1-1 - Feka Test ONT02"
"172.17.1.2","1","127","onu 1101.1.127","ADTN12345678","onu-0/1-127 - initial provision"
"172.17.1.2","2","127","onu 1101.2.127","ADTN12345678","onu-0/2-127 - initial provision"
"172.17.1.2","3","127","onu 1101.3.127","ADTN12345678","onu-0/3-127 - initial provision"
"172.17.1.2","4","127","onu 1101.4.127","ADTN12345678","onu-0/4-127 - initial provision"
"172.17.1.2","5","127","onu 1101.5.127","ADTN12345678","onu-0/5-127 - initial provision"
"172.17.1.2","6","127","onu 1101.6.127","ADTN12345678","onu-0/6-127 - initial provision"
"172.17.1.2","7","127","onu 1101.7.127","ADTN12345678","onu-0/7-127 - initial provision"
"172.17.1.2","8","127","onu 1101.8.127","ADTN12345678","onu-0/8-127 - initial provision"
"172.17.1.2","9","127","onu 1101.9.127","ADTN12345678","onu-0/9-127 - initial provision"
"172.17.1.2","10","127","onu 1101.10.127","ADTN12345678","onu-0/10-127 - initial provision"
"172.17.1.2","11","127","onu 1101.11.127","ADTN12345678","onu-0/11-127 - initial provision"
"172.17.1.2","12","127","onu 1101.12.127","ADTN12345678","onu-0/12-127 - initial provision"
"172.17.1.2","13","127","onu 1101.13.127","ADTN12345678","onu-0/13-127 - initial provision"
"172.17.1.2","14","127","onu 1101.14.127","ADTN12345678","onu-0/14-127 - initial provision"
"172.17.1.2","15","127","onu 1101.15.127","ADTN12345678","onu-0/15-127 - initial provision"
"172.17.1.2","16","127","onu 1101.0.127","ADTN12345678","onu-0/0-127 - initial provision"
"172.17.1.6","10","1","onu 1101.10.1","ADTN11112222","onu-0/10-1 - Dummy ONT"
"172.17.1.6","9","2","onu 1101.9.2","ADTN11112222","onu-0/9-2 - Dummy ONT"
"172.17.1.6","12","2","onu 1101.12.2","ADTN88888899","onu-0/12-2 - Dummy ONU"
"172.17.1.6","12","4","onu 1101.12.4","ADTN88888999","onu-0/12-4 - Dummy ONU"
"172.17.1.6","15","2","onu 1101.15.2","ADTN88889999","onu-0/15-2 - Dummy ONU"
"172.17.1.6","15","3","onu 1101.15.3","ADTN88899999","onu-0/15-3 - Dummy ONU"
"172.17.1.6","12","5","onu 1101.12.5","ADTN88899991","onu-0/12-5 - Dummy ONU"
"172.17.1.6","12","6","onu 1101.12.6","ADTN88899111","onu-0/12-6 - Dummy ONU"
"172.17.1.6","1","127","onu 1101.1.127","ADTN12345678","onu-0/1-127 - initial provision"
"172.17.1.6","2","127","onu 1101.2.127","ADTN12345678","onu-0/2-127 - initial provision"
"172.17.1.6","3","127","onu 1101.3.127","ADTN12345678","onu-0/3-127 - initial provision"
"172.17.1.6","4","127","onu 1101.4.127","ADTN12345678","onu-0/4-127 - initial provision"
"172.17.1.6","5","127","onu 1101.5.127","ADTN12345678","onu-0/5-127 - initial provision"
"172.17.1.6","6","127","onu 1101.6.127","ADTN12345678","onu-0/6-127 - initial provision"
"172.17.1.6","7","127","onu 1101.7.127","ADTN12345678","onu-0/7-127 - initial provision"
"172.17.1.6","8","127","onu 1101.8.127","ADTN12345678","onu-0/8-127 - initial provision"
"172.17.1.6","9","127","onu 1101.9.127","ADTN12345678","onu-0/9-127 - initial provision"
"172.17.1.6","10","127","onu 1101.10.127","ADTN12345678","onu-0/10-127 - initial provision"
"172.17.1.6","11","127","onu 1101.11.127","ADTN12345678","onu-0/11-127 - initial provision"
"172.17.1.6","12","127","onu 1101.12.127","ADTN12345678","onu-0/12-127 - initial provision"
"172.17.1.6","13","127","onu 1101.13.127","ADTN12345678","onu-0/13-127 - initial provision"
"172.17.1.6","14","127","onu 1101.14.127","ADTN12345678","onu-0/14-127 - initial provision"
"172.17.1.6","15","127","onu 1101.15.127","ADTN12345678","onu-0/15-127 - initial provision"
"172.17.1.6","16","127","onu 1101.0.127","ADTN12345678","onu-0/0-127 - initial provision"
"172.17.1.6","10","2","onu 1101.10.2","ADTN11112222","onu-0/10-2 - Dummy ONU"
"172.17.1.5","1","127","onu 1101.1.127","ADTN12345678","onu-0/1-127 - initial provision"
"172.17.1.5","2","127","onu 1101.2.127","ADTN12345678","onu-0/2-127 - initial provision"
"172.17.1.5","3","127","onu 1101.3.127","ADTN12345678","onu-0/3-127 - initial provision"
"172.17.1.5","4","127","onu 1101.4.127","ADTN12345678","onu-0/4-127 - initial provision"
"172.17.1.5","5","127","onu 1101.5.127","ADTN12345678","onu-0/5-127 - initial provision"
"172.17.1.5","6","127","onu 1101.6.127","ADTN12345678","onu-0/6-127 - initial provision"
"172.17.1.5","7","127","onu 1101.7.127","ADTN12345678","onu-0/7-127 - initial provision"
"172.17.1.5","8","127","onu 1101.8.127","ADTN12345678","onu-0/8-127 - initial provision"
"172.17.1.5","9","127","onu 1101.9.127","ADTN12345678","onu-0/9-127 - initial provision"
"172.17.1.5","10","127","onu 1101.10.127","ADTN12345678","onu-0/10-127 - initial provision"
"172.17.1.5","11","127","onu 1101.11.127","ADTN12345678","onu-0/11-127 - initial provision"
"172.17.1.5","12","127","onu 1101.12.127","ADTN12345678","onu-0/12-127 - initial provision"
"172.17.1.5","13","127","onu 1101.13.127","ADTN12345678","onu-0/13-127 - initial provision"
"172.17.1.5","14","127","onu 1101.14.127","ADTN12345678","onu-0/14-127 - initial provision"
"172.17.1.5","15","127","onu 1101.15.127","ADTN12345678","onu-0/15-127 - initial provision"
"172.17.1.5","16","127","onu 1101.0.127","ADTN12345678","onu-0/0-127 - initial provision"
"172.17.1.4","1","127","onu 1101.1.127","ADTN12345678","onu-0/1-127 - initial provision"
"172.17.1.4","2","127","onu 1101.2.127","ADTN12345678","onu-0/2-127 - initial provision"
"172.17.1.4","3","127","onu 1101.3.127","ADTN12345678","onu-0/3-127 - initial provision"
"172.17.1.4","4","127","onu 1101.4.127","ADTN12345678","onu-0/4-127 - initial provision"
"172.17.1.4","5","127","onu 1101.5.127","ADTN12345678","onu-0/5-127 - initial provision"
"172.17.1.4","6","127","onu 1101.6.127","ADTN12345678","onu-0/6-127 - initial provision"
"172.17.1.4","7","127","onu 1101.7.127","ADTN12345678","onu-0/7-127 - initial provision"
"172.17.1.4","8","127","onu 1101.8.127","ADTN12345678","onu-0/8-127 - initial provision"
"172.17.1.4","9","127","onu 1101.9.127","ADTN12345678","onu-0/9-127 - initial provision"
"172.17.1.4","10","127","onu 1101.10.127","ADTN12345678","onu-0/10-127 - initial provision"
"172.17.1.4","11","127","onu 1101.11.127","ADTN12345678","onu-0/11-127 - initial provision"
"172.17.1.4","12","127","onu 1101.12.127","ADTN12345678","onu-0/12-127 - initial provision"
"172.17.1.4","13","127","onu 1101.13.127","ADTN12345678","onu-0/13-127 - initial provision"
"172.17.1.4","14","127","onu 1101.14.127","ADTN12345678","onu-0/14-127 - initial provision"
"172.17.1.4","15","127","onu 1101.15.127","ADTN12345678","onu-0/15-127 - initial provision"
"172.17.1.4","16","127","onu 1101.0.127","ADTN12345678","onu-0/0-127 - initial provision"
"172.17.1.4","4","2","onu 1101.4.2","ADTN20304D76","onu-0/4-2 - 14 SOUTH STREET, DURHAM, DH6 1HP"
"172.17.1.9","1","127","onu 1101.1.127","ADTN12345678","onu-0/1-127 - initial provision"
"172.17.1.9","2","127","onu 1101.2.127","ADTN12345678","onu-0/2-127 - initial provision"
"172.17.1.9","3","127","onu 1101.3.127","ADTN12345678","onu-0/3-127 - initial provision"
"172.17.1.9","4","127","onu 1101.4.127","ADTN12345678","onu-0/4-127 - initial provision"
"172.17.1.9","5","127","onu 1101.5.127","ADTN12345678","onu-0/5-127 - initial provision"
"172.17.1.9","6","127","onu 1101.6.127","ADTN12345678","onu-0/6-127 - initial provision"
"172.17.1.9","7","127","onu 1101.7.127","ADTN12345678","onu-0/7-127 - initial provision"
"172.17.1.9","8","127","onu 1101.8.127","ADTN12345678","onu-0/8-127 - initial provision"
"172.17.1.9","9","127","onu 1101.9.127","ADTN12345678","onu-0/9-127 - initial provision"
"172.17.1.9","10","127","onu 1101.10.127","ADTN12345678","onu-0/10-127 - initial provision"
"172.17.1.9","11","127","onu 1101.11.127","ADTN12345678","onu-0/11-127 - initial provision"
"172.17.1.9","12","127","onu 1101.12.127","ADTN12345678","onu-0/12-127 - initial provision"
"172.17.1.9","13","127","onu 1101.13.127","ADTN12345678","onu-0/13-127 - initial provision"
"172.17.1.9","14","127","onu 1101.14.127","ADTN12345678","onu-0/14-127 - initial provision"
"172.17.1.9","15","127","onu 1101.15.127","ADTN12345678","onu-0/15-127 - initial provision"
"172.17.1.9","16","127","onu 1101.0.127","ADTN12345678","onu-0/0-127 - initial provision"
"172.17.1.7","1","127","onu 1101.1.127","ADTN12345678","onu-0/1-127 - initial provision"
"172.17.1.7","2","127","onu 1101.2.127","ADTN12345678","onu-0/2-127 - initial provision"
"172.17.1.7","3","127","onu 1101.3.127","ADTN12345678","onu-0/3-127 - initial provision"
"172.17.1.7","4","127","onu 1101.4.127","ADTN12345678","onu-0/4-127 - initial provision"
"172.17.1.7","5","127","onu 1101.5.127","ADTN12345678","onu-0/5-127 - initial provision"
"172.17.1.7","6","127","onu 1101.6.127","ADTN12345678","onu-0/6-127 - initial provision"
"172.17.1.7","7","127","onu 1101.7.127","ADTN12345678","onu-0/7-127 - initial provision"
"172.17.1.7","8","127","onu 1101.8.127","ADTN12345678","onu-0/8-127 - initial provision"
"172.17.1.7","9","127","onu 1101.9.127","ADTN12345678","onu-0/9-127 - initial provision"
"172.17.1.7","10","127","onu 1101.10.127","ADTN12345678","onu-0/10-127 - initial provision"
"172.17.1.7","11","127","onu 1101.11.127","ADTN12345678","onu-0/11-127 - initial provision"
"172.17.1.7","12","127","onu 1101.12.127","ADTN12345678","onu-0/12-127 - initial provision"
"172.17.1.7","13","127","onu 1101.13.127","ADTN12345678","onu-0/13-127 - initial provision"
"172.17.1.7","14","127","onu 1101.14.127","ADTN12345678","onu-0/14-127 - initial provision"
"172.17.1.7","15","127","onu 1101.15.127","ADTN12345678","onu-0/15-127 - initial provision"
"172.17.1.7","16","127","onu 1101.0.127","ADTN12345678","onu-0/0-127 - initial provision"
"172.17.1.8","1","127","onu 1101.1.127","ADTN12345678","onu-0/1-127 - initial provision"
"172.17.1.8","2","127","onu 1101.2.127","ADTN12345678","onu-0/2-127 - initial provision"
"172.17.1.8","3","127","onu 1101.3.127","ADTN12345678","onu-0/3-127 - initial provision"
"172.17.1.8","4","127","onu 1101.4.127","ADTN12345678","onu-0/4-127 - initial provision"
"172.17.1.8","5","127","onu 1101.5.127","ADTN12345678","onu-0/5-127 - initial provision"
"172.17.1.8","6","127","onu 1101.6.127","ADTN12345678","onu-0/6-127 - initial provision"
"172.17.1.8","7","127","onu 1101.7.127","ADTN12345678","onu-0/7-127 - initial provision"
"172.17.1.8","8","127","onu 1101.8.127","ADTN12345678","onu-0/8-127 - initial provision"
"172.17.1.8","9","127","onu 1101.9.127","ADTN12345678","onu-0/9-127 - initial provision"
"172.17.1.8","10","127","onu 1101.10.127","ADTN12345678","onu-0/10-127 - initial provision"
"172.17.1.8","11","127","onu 1101.11.127","ADTN12345678","onu-0/11-127 - initial provision"
"172.17.1.8","12","127","onu 1101.12.127","ADTN12345678","onu-0/12-127 - initial provision"
"172.17.1.8","13","127","onu 1101.13.127","ADTN12345678","onu-0/13-127 - initial provision"
"172.17.1.8","14","127","onu 1101.14.127","ADTN12345678","onu-0/14-127 - initial provision"
"172.17.1.8","15","127","onu 1101.15.127","ADTN12345678","onu-0/15-127 - initial provision"
"172.17.1.8","16","127","onu 1101.0.127","ADTN12345678","onu-0/0-127 - initial provision"
"172.17.1.12","1","127","onu 1101.1.127","ADTN12345678","onu-0/1-127 - initial provision"
"172.17.1.12","2","127","onu 1101.2.127","ADTN12345678","onu-0/2-127 - initial provision"
"172.17.1.12","3","127","onu 1101.3.127","ADTN12345678","onu-0/3-127 - initial provision"
"172.17.1.12","4","127","onu 1101.4.127","ADTN12345678","onu-0/4-127 - initial provision"
"172.17.1.12","5","127","onu 1101.5.127","ADTN12345678","onu-0/5-127 - initial provision"
"172.17.1.12","6","127","onu 1101.6.127","ADTN12345678","onu-0/6-127 - initial provision"
"172.17.1.12","7","127","onu 1101.7.127","ADTN12345678","onu-0/7-127 - initial provision"
"172.17.1.12","8","127","onu 1101.8.127","ADTN12345678","onu-0/8-127 - initial provision"
"172.17.1.12","9","127","onu 1101.9.127","ADTN12345678","onu-0/9-127 - initial provision"
"172.17.1.12","10","127","onu 1101.10.127","ADTN12345678","onu-0/10-127 - initial provision"
"172.17.1.12","11","127","onu 1101.11.127","ADTN12345678","onu-0/11-127 - initial provision"
"172.17.1.12","12","127","onu 1101.12.127","ADTN12345678","onu-0/12-127 - initial provision"
"172.17.1.12","13","127","onu 1101.13.127","ADTN12345678","onu-0/13-127 - initial provision"
"172.17.1.12","14","127","onu 1101.14.127","ADTN12345678","onu-0/14-127 - initial provision"
"172.17.1.12","15","127","onu 1101.15.127","ADTN12345678","onu-0/15-127 - initial provision"
"172.17.1.12","16","127","onu 1101.0.127","ADTN12345678","onu-0/0-127 - initial provision"
"172.17.1.11","1","127","onu 1101.1.127","ADTN12345678","onu-0/1-127 - initial provision"
"172.17.1.11","2","127","onu 1101.2.127","ADTN12345678","onu-0/2-127 - initial provision"
"172.17.1.11","3","127","onu 1101.3.127","ADTN12345678","onu-0/3-127 - initial provision"
"172.17.1.11","4","127","onu 1101.4.127","ADTN12345678","onu-0/4-127 - initial provision"
"172.17.1.11","5","127","onu 1101.5.127","ADTN12345678","onu-0/5-127 - initial provision"
"172.17.1.11","6","127","onu 1101.6.127","ADTN12345678","onu-0/6-127 - initial provision"
"172.17.1.11","7","127","onu 1101.7.127","ADTN12345678","onu-0/7-127 - initial provision"
"172.17.1.11","8","127","onu 1101.8.127","ADTN12345678","onu-0/8-127 - initial provision"
"172.17.1.11","9","127","onu 1101.9.127","ADTN12345678","onu-0/9-127 - initial provision"
"172.17.1.11","10","127","onu 1101.10.127","ADTN12345678","onu-0/10-127 - initial provision"
"172.17.1.11","11","127","onu 1101.11.127","ADTN12345678","onu-0/11-127 - initial provision"
"172.17.1.11","12","127","onu 1101.12.127","ADTN12345678","onu-0/12-127 - initial provision"
"172.17.1.11","13","127","onu 1101.13.127","ADTN12345678","onu-0/13-127 - initial provision"
"172.17.1.11","14","127","onu 1101.14.127","ADTN12345678","onu-0/14-127 - initial provision"
"172.17.1.11","15","127","onu 1101.15.127","ADTN12345678","onu-0/15-127 - initial provision"
"172.17.1.11","16","127","onu 1101.0.127","ADTN12345678","onu-0/0-127 - initial provision"
"172.17.1.10","1","127","onu 1101.1.127","ADTN12345678","onu-0/1-127 - initial provision"
"172.17.1.10","2","127","onu 1101.2.127","ADTN12345678","onu-0/2-127 - initial provision"
"172.17.1.10","3","127","onu 1101.3.127","ADTN12345678","onu-0/3-127 - initial provision"
"172.17.1.10","4","127","onu 1101.4.127","ADTN12345678","onu-0/4-127 - initial provision"
"172.17.1.10","5","127","onu 1101.5.127","ADTN12345678","onu-0/5-127 - initial provision"
"172.17.1.10","6","127","onu 1101.6.127","ADTN12345678","onu-0/6-127 - initial provision"
"172.17.1.10","7","127","onu 1101.7.127","ADTN12345678","onu-0/7-127 - initial provision"
"172.17.1.10","8","127","onu 1101.8.127","ADTN12345678","onu-0/8-127 - initial provision"
"172.17.1.10","9","127","onu 1101.9.127","ADTN12345678","onu-0/9-127 - initial provision"
"172.17.1.10","10","127","onu 1101.10.127","ADTN12345678","onu-0/10-127 - initial provision"
"172.17.1.10","11","127","onu 1101.11.127","ADTN12345678","onu-0/11-127 - initial provision"
"172.17.1.10","12","127","onu 1101.12.127","ADTN12345678","onu-0/12-127 - initial provision"
"172.17.1.10","13","127","onu 1101.13.127","ADTN12345678","onu-0/13-127 - initial provision"
"172.17.1.10","14","127","onu 1101.14.127","ADTN12345678","onu-0/14-127 - initial provision"
"172.17.1.10","15","127","onu 1101.15.127","ADTN12345678","onu-0/15-127 - initial provision"
"172.17.1.10","16","127","onu 1101.0.127","ADTN12345678","onu-0/0-127 - initial provision"
"172.17.1.15","1","1","onu 1101.1.1","ADTN20111E5F","onu-0/1-1 - Feka Test ONT02"
"172.17.1.15","4","1","onu 1101.4.1","ADTN11112222","onu-0/4-1 - Dummy ONT"
"172.17.1.15","5","0","onu 1101.5.0","ADTN11112222","onu-0/5-0 - Dummy ONU"
"172.17.1.15","1","127","onu 1101.1.127","ADTN12345678","onu-0/1-127 - initial provision"
"172.17.1.15","2","127","onu 1101.2.127","ADTN12345678","onu-0/2-127 - initial provision"
"172.17.1.15","3","127","onu 1101.3.127","ADTN12345678","onu-0/3-127 - initial provision"
"172.17.1.15","4","127","onu 1101.4.127","ADTN12345678","onu-0/4-127 - initial provision"
"172.17.1.15","5","127","onu 1101.5.127","ADTN12345678","onu-0/5-127 - initial provision"
"172.17.1.15","6","127","onu 1101.6.127","ADTN12345678","onu-0/6-127 - initial provision"
"172.17.1.15","7","127","onu 1101.7.127","ADTN12345678","onu-0/7-127 - initial provision"
"172.17.1.15","8","127","onu 1101.8.127","ADTN12345678","onu-0/8-127 - initial provision"
"172.17.1.15","9","127","onu 1101.9.127","ADTN12345678","onu-0/9-127 - initial provision"
"172.17.1.15","10","127","onu 1101.10.127","ADTN12345678","onu-0/10-127 - initial provision"
"172.17.1.15","11","127","onu 1101.11.127","ADTN12345678","onu-0/11-127 - initial provision"
"172.17.1.15","12","127","onu 1101.12.127","ADTN12345678","onu-0/12-127 - initial provision"
"172.17.1.15","13","127","onu 1101.13.127","ADTN12345678","onu-0/13-127 - initial provision"
"172.17.1.15","14","127","onu 1101.14.127","ADTN12345678","onu-0/14-127 - initial provision"
"172.17.1.15","15","127","onu 1101.15.127","ADTN12345678","onu-0/15-127 - initial provision"
"172.17.1.15","16","127","onu 1101.0.127","ADTN12345678","onu-0/0-127 - initial provision"
"172.17.1.13","1","127","onu 1101.1.127","ADTN12345678","onu-0/1-127 - initial provision"
"172.17.1.13","2","127","onu 1101.2.127","ADTN12345678","onu-0/2-127 - initial provision"
"172.17.1.13","3","127","onu 1101.3.127","ADTN12345678","onu-0/3-127 - initial provision"
"172.17.1.13","4","127","onu 1101.4.127","ADTN12345678","onu-0/4-127 - initial provision"
"172.17.1.13","5","127","onu 1101.5.127","ADTN12345678","onu-0/5-127 - initial provision"
"172.17.1.13","6","127","onu 1101.6.127","ADTN12345678","onu-0/6-127 - initial provision"
"172.17.1.13","7","127","onu 1101.7.127","ADTN12345678","onu-0/7-127 - initial provision"
"172.17.1.13","8","127","onu 1101.8.127","ADTN12345678","onu-0/8-127 - initial provision"
"172.17.1.13","9","127","onu 1101.9.127","ADTN12345678","onu-0/9-127 - initial provision"
"172.17.1.13","10","127","onu 1101.10.127","ADTN12345678","onu-0/10-127 - initial provision"
"172.17.1.13","11","127","onu 1101.11.127","ADTN12345678","onu-0/11-127 - initial provision"
"172.17.1.13","12","127","onu 1101.12.127","ADTN12345678","onu-0/12-127 - initial provision"
"172.17.1.13","13","127","onu 1101.13.127","ADTN12345678","onu-0/13-127 - initial provision"
"172.17.1.13","14","127","onu 1101.14.127","ADTN12345678","onu-0/14-127 - initial provision"
"172.17.1.13","15","127","onu 1101.15.127","ADTN12345678","onu-0/15-127 - initial provision"
"172.17.1.13","16","127","onu 1101.0.127","ADTN12345678","onu-0/0-127 - initial provision"
"172.17.1.16","1","127","onu 1101.1.127","ADTN12345678","onu-0/1-127 - initial provision"
"172.17.1.16","2","127","onu 1101.2.127","ADTN12345678","onu-0/2-127 - initial provision"
"172.17.1.16","3","127","onu 1101.3.127","ADTN12345678","onu-0/3-127 - initial provision"
"172.17.1.16","4","127","onu 1101.4.127","ADTN12345678","onu-0/4-127 - initial provision"
"172.17.1.16","5","127","onu 1101.5.127","ADTN12345678","onu-0/5-127 - initial provision"
"172.17.1.16","6","127","onu 1101.6.127","ADTN12345678","onu-0/6-127 - initial provision"
"172.17.1.16","7","127","onu 1101.7.127","ADTN12345678","onu-0/7-127 - initial provision"
"172.17.1.16","8","127","onu 1101.8.127","ADTN12345678","onu-0/8-127 - initial provision"
"172.17.1.16","9","127","onu 1101.9.127","ADTN12345678","onu-0/9-127 - initial provision"
"172.17.1.16","10","127","onu 1101.10.127","ADTN12345678","onu-0/10-127 - initial provision"
"172.17.1.16","11","127","onu 1101.11.127","ADTN12345678","onu-0/11-127 - initial provision"
"172.17.1.16","12","127","onu 1101.12.127","ADTN12345678","onu-0/12-127 - initial provision"
"172.17.1.16","13","127","onu 1101.13.127","ADTN12345678","onu-0/13-127 - initial provision"
"172.17.1.16","14","127","onu 1101.14.127","ADTN12345678","onu-0/14-127 - initial provision"
"172.17.1.16","15","127","onu 1101.15.127","ADTN12345678","onu-0/15-127 - initial provision"
"172.17.1.16","16","127","onu 1101.0.127","ADTN12345678","onu-0/0-127 - initial provision"
"172.17.1.16","1","3","onu 1101.1.3","ADTN20116D74","onu-0/1-3 - 46 Hilltop Road DH7 7TL"
"172.17.1.16","5","4","onu 1101.5.4","ADTN2030511C","onu-0/5-4 - 48 Chadwick Close DH7 7RH"
"172.17.1.14","3","0","onu 1101.3.0","ADTN11112222","onu-0/3-0 - Dummy ONT"
"172.17.1.14","3","5","onu 1101.3.5","ADTN88889999","onu-0/3-5 - Dummy ONU"
"172.17.1.14","3","6","onu 1101.3.6","ADTN88889998","onu-0/3-6 - Dummy ONU"
"172.17.1.14","1","127","onu 1101.1.127","ADTN12345678","onu-0/1-127 - initial provision"
"172.17.1.14","2","127","onu 1101.2.127","ADTN12345678","onu-0/2-127 - initial provision"
"172.17.1.14","3","127","onu 1101.3.127","ADTN12345678","onu-0/3-127 - initial provision"
"172.17.1.14","4","127","onu 1101.4.127","ADTN12345678","onu-0/4-127 - initial provision"
"172.17.1.14","5","127","onu 1101.5.127","ADTN12345678","onu-0/5-127 - initial provision"
"172.17.1.14","6","127","onu 1101.6.127","ADTN12345678","onu-0/6-127 - initial provision"
"172.17.1.14","7","127","onu 1101.7.127","ADTN12345678","onu-0/7-127 - initial provision"
"172.17.1.14","8","127","onu 1101.8.127","ADTN12345678","onu-0/8-127 - initial provision"
"172.17.1.14","9","127","onu 1101.9.127","ADTN12345678","onu-0/9-127 - initial provision"
"172.17.1.14","10","127","onu 1101.10.127","ADTN12345678","onu-0/10-127 - initial provision"
"172.17.1.14","11","127","onu 1101.11.127","ADTN12345678","onu-0/11-127 - initial provision"
"172.17.1.14","12","127","onu 1101.12.127","ADTN12345678","onu-0/12-127 - initial provision"
"172.17.1.14","13","127","onu 1101.13.127","ADTN12345678","onu-0/13-127 - initial provision"
"172.17.1.14","14","127","onu 1101.14.127","ADTN12345678","onu-0/14-127 - initial provision"
"172.17.1.14","15","127","onu 1101.15.127","ADTN12345678","onu-0/15-127 - initial provision"
"172.17.1.14","16","127","onu 1101.0.127","ADTN12345678","onu-0/0-127 - initial provision"
"172.17.1.14","3","8","onu 1101.3.8","ADTN12345678","bug workaround"
"172.17.1.14","4","0","onu 1101.4.0","ADTN11111111","onu-0/4-0 - DUMMY ONU"
"172.17.1.19","1","127","onu 1101.1.127","ADTN12345678","onu-0/1-127 - initial provision"
"172.17.1.19","2","127","onu 1101.2.127","ADTN12345678","onu-0/2-127 - initial provision"
"172.17.1.19","3","127","onu 1101.3.127","ADTN12345678","onu-0/3-127 - initial provision"
"172.17.1.19","4","127","onu 1101.4.127","ADTN12345678","onu-0/4-127 - initial provision"
"172.17.1.19","5","127","onu 1101.5.127","ADTN12345678","onu-0/5-127 - initial provision"
"172.17.1.19","6","127","onu 1101.6.127","ADTN12345678","onu-0/6-127 - initial provision"
"172.17.1.19","7","127","onu 1101.7.127","ADTN12345678","onu-0/7-127 - initial provision"
"172.17.1.19","8","127","onu 1101.8.127","ADTN12345678","onu-0/8-127 - initial provision"
"172.17.1.19","9","127","onu 1101.9.127","ADTN12345678","onu-0/9-127 - initial provision"
"172.17.1.19","10","127","onu 1101.10.127","ADTN12345678","onu-0/10-127 - initial provision"
"172.17.1.19","11","127","onu 1101.11.127","ADTN12345678","onu-0/11-127 - initial provision"
"172.17.1.19","12","127","onu 1101.12.127","ADTN12345678","onu-0/12-127 - initial provision"
"172.17.1.19","13","127","onu 1101.13.127","ADTN12345678","onu-0/13-127 - initial provision"
"172.17.1.19","14","127","onu 1101.14.127","ADTN12345678","onu-0/14-127 - initial provision"
"172.17.1.19","15","127","onu 1101.15.127","ADTN12345678","onu-0/15-127 - initial provision"
"172.17.1.19","16","127","onu 1101.0.127","ADTN12345678","onu-0/0-127 - initial provision"
"172.17.1.19","10","20","onu 1101.10.20","ADTN20116CF5","onu-0/10-20 - 5 Longhill Court DH78LN"
"172.17.1.19","10","21","onu 1101.10.21","ADTN20116B2B","onu-0/10-21 - 15 Littlewood Close Dh7 8LP"
"172.17.1.17","1","127","onu 1101.1.127","ADTN12345678","onu-0/1-127 - initial provision"
"172.17.1.17","2","127","onu 1101.2.127","ADTN12345678","onu-0/2-127 - initial provision"
"172.17.1.17","3","127","onu 1101.3.127","ADTN12345678","onu-0/3-127 - initial provision"
"172.17.1.17","4","127","onu 1101.4.127","ADTN12345678","onu-0/4-127 - initial provision"
"172.17.1.17","5","127","onu 1101.5.127","ADTN12345678","onu-0/5-127 - initial provision"
"172.17.1.17","6","127","onu 1101.6.127","ADTN12345678","onu-0/6-127 - initial provision"
"172.17.1.17","7","127","onu 1101.7.127","ADTN12345678","onu-0/7-127 - initial provision"
"172.17.1.17","8","127","onu 1101.8.127","ADTN12345678","onu-0/8-127 - initial provision"
"172.17.1.17","9","127","onu 1101.9.127","ADTN12345678","onu-0/9-127 - initial provision"
"172.17.1.17","10","127","onu 1101.10.127","ADTN12345678","onu-0/10-127 - initial provision"
"172.17.1.17","11","127","onu 1101.11.127","ADTN12345678","onu-0/11-127 - initial provision"
"172.17.1.17","12","127","onu 1101.12.127","ADTN12345678","onu-0/12-127 - initial provision"
"172.17.1.17","13","127","onu 1101.13.127","ADTN12345678","onu-0/13-127 - initial provision"
"172.17.1.17","14","127","onu 1101.14.127","ADTN12345678","onu-0/14-127 - initial provision"
"172.17.1.17","15","127","onu 1101.15.127","ADTN12345678","onu-0/15-127 - initial provision"
"172.17.1.17","16","127","onu 1101.0.127","ADTN12345678","onu-0/0-127 - initial provision"
"172.17.1.18","1","127","onu 1101.1.127","ADTN12345678","onu-0/1-127 - initial provision"
"172.17.1.18","2","127","onu 1101.2.127","ADTN12345678","onu-0/2-127 - initial provision"
"172.17.1.18","3","127","onu 1101.3.127","ADTN12345678","onu-0/3-127 - initial provision"
"172.17.1.18","4","127","onu 1101.4.127","ADTN12345678","onu-0/4-127 - initial provision"
"172.17.1.18","5","127","onu 1101.5.127","ADTN12345678","onu-0/5-127 - initial provision"
"172.17.1.18","6","127","onu 1101.6.127","ADTN12345678","onu-0/6-127 - initial provision"
"172.17.1.18","7","127","onu 1101.7.127","ADTN12345678","onu-0/7-127 - initial provision"
"172.17.1.18","8","127","onu 1101.8.127","ADTN12345678","onu-0/8-127 - initial provision"
"172.17.1.18","9","127","onu 1101.9.127","ADTN12345678","onu-0/9-127 - initial provision"
"172.17.1.18","10","127","onu 1101.10.127","ADTN12345678","onu-0/10-127 - initial provision"
"172.17.1.18","11","127","onu 1101.11.127","ADTN12345678","onu-0/11-127 - initial provision"
"172.17.1.18","12","127","onu 1101.12.127","ADTN12345678","onu-0/12-127 - initial provision"
"172.17.1.18","13","127","onu 1101.13.127","ADTN12345678","onu-0/13-127 - initial provision"
"172.17.1.18","14","127","onu 1101.14.127","ADTN12345678","onu-0/14-127 - initial provision"
"172.17.1.18","15","127","onu 1101.15.127","ADTN12345678","onu-0/15-127 - initial provision"
"172.17.1.18","16","127","onu 1101.0.127","ADTN12345678","onu-0/0-127 - initial provision"
"172.17.1.18","1","2","onu 1101.1.2","ADTN20304CD3","onu-0/1-2 - 89 Taylorrrrs Avenue, Durham DH7 7AX"
"172.17.1.18","1","3","onu 1101.1.3","ADTN20304CDB","onu-0/1-3 - 93 Taylorrrrs Avenue, Durham DH7 7AX"
"172.17.0.194","1","0","onu 1101.1.0","ADTN20111EEC","onu-0/1-0 - Test Jeremy Voice"
"172.17.0.194","1","127","onu 1101.1.127","ADTN12345678","onu-0/1-127 - initial provision"
"172.17.0.194","2","127","onu 1101.2.127","ADTN12345678","onu-0/2-127 - initial provision"
"172.17.0.194","3","127","onu 1101.3.127","ADTN12345678","onu-0/3-127 - initial provision"
"172.17.0.194","4","127","onu 1101.4.127","ADTN12345678","onu-0/4-127 - initial provision"
"172.17.0.194","5","127","onu 1101.5.127","ADTN12345678","onu-0/5-127 - initial provision"
"172.17.0.194","6","127","onu 1101.6.127","ADTN12345678","onu-0/6-127 - initial provision"
"172.17.0.194","7","127","onu 1101.7.127","ADTN12345678","onu-0/7-127 - initial provision"
"172.17.0.194","8","127","onu 1101.8.127","ADTN12345678","onu-0/8-127 - initial provision"
"172.17.0.194","9","127","onu 1101.9.127","ADTN12345678","onu-0/9-127 - initial provision"
"172.17.0.194","10","127","onu 1101.10.127","ADTN12345678","onu-0/10-127 - initial provision"
"172.17.0.194","11","127","onu 1101.11.127","ADTN12345678","onu-0/11-127 - initial provision"
"172.17.0.194","12","127","onu 1101.12.127","ADTN12345678","onu-0/12-127 - initial provision"
"172.17.0.194","13","127","onu 1101.13.127","ADTN12345678","onu-0/13-127 - initial provision"
"172.17.0.194","14","127","onu 1101.14.127","ADTN12345678","onu-0/14-127 - initial provision"
"172.17.0.194","15","127","onu 1101.15.127","ADTN12345678","onu-0/15-127 - initial provision"
"172.17.0.194","13","13","onu 1101.13.13","ADTN20111E5F","onu-0/13-13 - FEKA TEST"
"172.17.0.200","1","127","onu 1101.1.127","ADTN12345678","onu-0/1-127 - initial provision"
"172.17.0.200","2","127","onu 1101.2.127","ADTN12345678","onu-0/2-127 - initial provision"
"172.17.0.200","3","127","onu 1101.3.127","ADTN12345678","onu-0/3-127 - initial provision"
"172.17.0.200","4","127","onu 1101.4.127","ADTN12345678","onu-0/4-127 - initial provision"
"172.17.0.200","5","127","onu 1101.5.127","ADTN12345678","onu-0/5-127 - initial provision"
"172.17.0.200","6","127","onu 1101.6.127","ADTN12345678","onu-0/6-127 - initial provision"
"172.17.0.200","7","127","onu 1101.7.127","ADTN12345678","onu-0/7-127 - initial provision"
"172.17.0.200","8","127","onu 1101.8.127","ADTN12345678","onu-0/8-127 - initial provision"
"172.17.0.200","9","127","onu 1101.9.127","ADTN12345678","onu-0/9-127 - initial provision"
"172.17.0.200","10","127","onu 1101.10.127","ADTN12345678","onu-0/10-127 - initial provision"
"172.17.0.200","11","127","onu 1101.11.127","ADTN12345678","onu-0/11-127 - initial provision"
"172.17.0.200","12","127","onu 1101.12.127","ADTN12345678","onu-0/12-127 - initial provision"
"172.17.0.200","13","127","onu 1101.13.127","ADTN12345678","onu-0/13-127 - initial provision"
"172.17.0.200","14","127","onu 1101.14.127","ADTN12345678","onu-0/14-127 - initial provision"
"172.17.0.200","15","127","onu 1101.15.127","ADTN12345678","onu-0/15-127 - initial provision"
"172.17.0.200","15","1","onu 1101.15.1","ADTN12345678","onu-0/15-1 - odin test provision"
"172.17.0.200","15","2","onu 1101.15.2","ADTN12345678","onu-0/15-2 - odin test provision"
"172.17.0.200","15","4","onu 1101.15.4","ADTN12345678","onu-0/15-4 - odin test provision"
"172.17.0.200","15","5","onu 1101.15.5","ADTN12345678","onu-0/15-5 - odin test provision"
"172.17.0.200","15","6","onu 1101.15.6","ADTN12345678","onu-0/15-6 - odin test provision"
"172.17.0.200","15","7","onu 1101.15.7","ADTN12345678","onu-0/15-7 - odin test provision"
"172.17.0.200","15","8","onu 1101.15.8","ADTN12345678","onu-0/15-8 - odin test provision"
"172.17.0.200","15","9","onu 1101.15.9","ADTN12345678","onu-0/15-9 - odin test provision"
"172.17.0.200","15","10","onu 1101.15.10","ADTN12345678","onu-0/15-10 - odin test provision"
"172.17.0.200","15","11","onu 1101.15.11","ADTN12345678","onu-0/15-11 - odin test provision"
"172.17.0.200","15","3","onu 1101.15.3","ADTN12345678","onu-0/15-3 - odin test provision"
"172.17.0.200","15","12","onu 1101.15.12","ADTN12345678","onu-0/15-12 - odin test provision"
"172.17.0.200","15","13","onu 1101.15.13","ADTN12345678","onu-0/15-13 - odin test provision"
"172.17.0.200","15","14","onu 1101.15.14","ADTN12345678","onu-0/15-14 - odin test provision"
"172.17.0.200","15","15","onu 1101.15.15","ADTN12345678","onu-0/15-15 - odin test provision"
"172.17.0.200","6","10","onu 1101.6.10","ADTN20116ECC","onu-0/6-10 - 11 Pickard Close, SR8 5LZ"
"172.17.0.196","12","0","onu 1101.12.0","ADTN20111D69","onu-0/12-0 - Unassigned"
"172.17.0.196","6","0","onu 1101.6.0","ADTN20111EEC","onu-0/6-0 - Unassigned"
"172.17.0.196","16","2","onu 1101.0.2","ADTN12345678","onu-0/16-2 - 40 Fairbairn Road, PETERLEE, SR8 5EN"
"172.17.0.196","14","3","onu 1101.14.3","ADTN20111EF1","onu-0/14-3 - Unassigned"
"172.17.0.196","1","127","onu 1101.1.127","ADTN12345678","onu-0/1-127 - initial provision"
"172.17.0.196","2","127","onu 1101.2.127","ADTN12345678","onu-0/2-127 - initial provision"
"172.17.0.196","3","127","onu 1101.3.127","ADTN12345678","onu-0/3-127 - initial provision"
"172.17.0.196","4","127","onu 1101.4.127","ADTN12345678","onu-0/4-127 - initial provision"
"172.17.0.196","5","127","onu 1101.5.127","ADTN12345678","onu-0/5-127 - initial provision"
"172.17.0.196","6","127","onu 1101.6.127","ADTN12345678","onu-0/6-127 - initial provision"
"172.17.0.196","7","127","onu 1101.7.127","ADTN12345678","onu-0/7-127 - initial provision"
"172.17.0.196","8","127","onu 1101.8.127","ADTN12345678","onu-0/8-127 - initial provision"
"172.17.0.196","9","127","onu 1101.9.127","ADTN12345678","onu-0/9-127 - initial provision"
"172.17.0.196","10","127","onu 1101.10.127","ADTN12345678","onu-0/10-127 - initial provision"
"172.17.0.196","11","127","onu 1101.11.127","ADTN12345678","onu-0/11-127 - initial provision"
"172.17.0.196","12","127","onu 1101.12.127","ADTN12345678","onu-0/12-127 - initial provision"
"172.17.0.196","13","127","onu 1101.13.127","ADTN12345678","onu-0/13-127 - initial provision"
"172.17.0.196","14","127","onu 1101.14.127","ADTN12345678","onu-0/14-127 - initial provision"
"172.17.0.196","15","127","onu 1101.15.127","ADTN12345678","onu-0/15-127 - initial provision"
"172.17.0.196","16","127","onu 1101.0.127","ADTN12345678","onu-0/16-127 - initial provision"
"172.17.0.196","16","0","onu 1101.0.0","ATDN12345678","onu-0/0-0 - Feka Test"
"172.17.0.196","12","3","onu 1101.12.3","ADTN20116D97","onu-0/12-3 - 34 Brandling Court DH6 2QE"
"172.17.0.202","1","127","onu 1101.1.127","ADTN12345678","onu-0/1-127 - initial provision"
"172.17.0.202","2","127","onu 1101.2.127","ADTN12345678","onu-0/2-127 - initial provision"
"172.17.0.202","3","127","onu 1101.3.127","ADTN12345678","onu-0/3-127 - initial provision"
"172.17.0.202","4","127","onu 1101.4.127","ADTN12345678","onu-0/4-127 - initial provision"
"172.17.0.202","5","127","onu 1101.5.127","ADTN12345678","onu-0/5-127 - initial provision"
"172.17.0.202","6","127","onu 1101.6.127","ADTN12345678","onu-0/6-127 - initial provision"
"172.17.0.202","7","127","onu 1101.7.127","ADTN12345678","onu-0/7-127 - initial provision"
"172.17.0.202","8","127","onu 1101.8.127","ADTN12345678","onu-0/8-127 - initial provision"
"172.17.0.202","9","127","onu 1101.9.127","ADTN12345678","onu-0/9-127 - initial provision"
"172.17.0.202","10","127","onu 1101.10.127","ADTN12345678","onu-0/10-127 - initial provision"
"172.17.0.202","11","127","onu 1101.11.127","ADTN12345678","onu-0/11-127 - initial provision"
"172.17.0.202","12","127","onu 1101.12.127","ADTN12345678","onu-0/12-127 - initial provision"
"172.17.0.202","13","127","onu 1101.13.127","ADTN12345678","onu-0/13-127 - initial provision"
"172.17.0.202","14","127","onu 1101.14.127","ADTN12345678","onu-0/14-127 - initial provision"
"172.17.0.202","15","127","onu 1101.15.127","ADTN12345678","onu-0/15-127 - initial provision"
"172.17.0.204","1","127","onu 1101.1.127","ADTN12345678","onu-0/1-127 - initial provision"
"172.17.0.204","2","127","onu 1101.2.127","ADTN12345678","onu-0/2-127 - initial provision"
"172.17.0.204","3","127","onu 1101.3.127","ADTN12345678","onu-0/3-127 - initial provision"
"172.17.0.204","4","127","onu 1101.4.127","ADTN12345678","onu-0/4-127 - initial provision"
"172.17.0.204","5","127","onu 1101.5.127","ADTN12345678","onu-0/5-127 - initial provision"
"172.17.0.204","6","127","onu 1101.6.127","ADTN12345678","onu-0/6-127 - initial provision"
"172.17.0.204","7","127","onu 1101.7.127","ADTN12345678","onu-0/7-127 - initial provision"
"172.17.0.204","8","127","onu 1101.8.127","ADTN12345678","onu-0/8-127 - initial provision"
"172.17.0.204","9","127","onu 1101.9.127","ADTN12345678","onu-0/9-127 - initial provision"
"172.17.0.204","10","127","onu 1101.10.127","ADTN12345678","onu-0/10-127 - initial provision"
"172.17.0.204","11","127","onu 1101.11.127","ADTN12345678","onu-0/11-127 - initial provision"
"172.17.0.204","12","127","onu 1101.12.127","ADTN12345678","onu-0/12-127 - initial provision"
"172.17.0.204","13","127","onu 1101.13.127","ADTN12345678","onu-0/13-127 - initial provision"
"172.17.0.204","14","127","onu 1101.14.127","ADTN12345678","onu-0/14-127 - initial provision"
"172.17.0.204","15","127","onu 1101.15.127","ADTN12345678","onu-0/15-127 - initial provision"
"172.17.0.204","11","0","onu 1101.11.0","ADTN2010128D","onu-0/11-0 - Horden Library"
"172.17.0.198","9","2","onu 1101.9.2","ADTN2011294C","onu-0/9-1 - unused"
"172.17.0.198","1","127","onu 1101.1.127","ADTN12345678","onu-0/1-127 - initial provision"
"172.17.0.198","2","127","onu 1101.2.127","ADTN12345678","onu-0/2-127 - initial provision"
"172.17.0.198","3","127","onu 1101.3.127","ADTN12345678","onu-0/3-127 - initial provision"
"172.17.0.198","4","127","onu 1101.4.127","ADTN12345678","onu-0/4-127 - initial provision"
"172.17.0.198","5","127","onu 1101.5.127","ADTN12345678","onu-0/5-127 - initial provision"
"172.17.0.198","6","127","onu 1101.6.127","ADTN12345678","onu-0/6-127 - initial provision"
"172.17.0.198","7","127","onu 1101.7.127","ADTN12345678","onu-0/7-127 - initial provision"
"172.17.0.198","8","127","onu 1101.8.127","ADTN12345678","onu-0/8-127 - initial provision"
"172.17.0.198","9","127","onu 1101.9.127","ADTN12345678","onu-0/9-127 - initial provision"
"172.17.0.198","10","127","onu 1101.10.127","ADTN12345678","onu-0/10-127 - initial provision"
"172.17.0.198","11","127","onu 1101.11.127","ADTN12345678","onu-0/11-127 - initial provision"
"172.17.0.198","12","127","onu 1101.12.127","ADTN12345678","onu-0/12-127 - initial provision"
"172.17.0.198","13","127","onu 1101.13.127","ADTN12345678","onu-0/13-127 - initial provision"
"172.17.0.198","14","127","onu 1101.14.127","ADTN12345678","onu-0/14-127 - initial provision"
"172.17.0.198","15","127","onu 1101.15.127","ADTN12345678","onu-0/15-127 - initial provision"
"172.17.0.198","16","127","onu 1101.0.127","ADTN12345678","onu-0/16-127 - initial provision"
"172.17.0.198","8","8","onu 1101.8.8","ADTN20111E5F","onu-0/8-8 - FEKA TEST"
"172.17.0.198","15","1","onu 1101.15.1","ADTN12345678","onu-0/15-1 - odin test provision"
"172.17.0.199","1","127","onu 1101.1.127","ADTN12345678","onu-0/1-127 - initial provision"
"172.17.0.199","2","127","onu 1101.2.127","ADTN12345678","onu-0/2-127 - initial provision"
"172.17.0.199","3","127","onu 1101.3.127","ADTN12345678","onu-0/3-127 - initial provision"
"172.17.0.199","4","127","onu 1101.4.127","ADTN12345678","onu-0/4-127 - initial provision"
"172.17.0.199","5","127","onu 1101.5.127","ADTN12345678","onu-0/5-127 - initial provision"
"172.17.0.199","6","127","onu 1101.6.127","ADTN12345678","onu-0/6-127 - initial provision"
"172.17.0.199","7","127","onu 1101.7.127","ADTN12345678","onu-0/7-127 - initial provision"
"172.17.0.199","8","127","onu 1101.8.127","ADTN12345678","onu-0/8-127 - initial provision"
"172.17.0.199","9","127","onu 1101.9.127","ADTN12345678","onu-0/9-127 - initial provision"
"172.17.0.199","10","127","onu 1101.10.127","ADTN12345678","onu-0/10-127 - initial provision"
"172.17.0.199","11","127","onu 1101.11.127","ADTN12345678","onu-0/11-127 - initial provision"
"172.17.0.199","12","127","onu 1101.12.127","ADTN12345678","onu-0/12-127 - initial provision"
"172.17.0.199","13","127","onu 1101.13.127","ADTN12345678","onu-0/13-127 - initial provision"
"172.17.0.199","14","127","onu 1101.14.127","ADTN12345678","onu-0/14-127 - initial provision"
"172.17.0.199","15","127","onu 1101.15.127","ADTN12345678","onu-0/15-127 - initial provision"
"172.17.0.203","1","127","onu 1101.1.127","ADTN12345678","onu-0/1-127 - initial provision"
"172.17.0.203","2","127","onu 1101.2.127","ADTN12345678","onu-0/2-127 - initial provision"
"172.17.0.203","3","127","onu 1101.3.127","ADTN12345678","onu-0/3-127 - initial provision"
"172.17.0.203","4","127","onu 1101.4.127","ADTN12345678","onu-0/4-127 - initial provision"
"172.17.0.203","5","127","onu 1101.5.127","ADTN12345678","onu-0/5-127 - initial provision"
"172.17.0.203","6","127","onu 1101.6.127","ADTN12345678","onu-0/6-127 - initial provision"
"172.17.0.203","7","127","onu 1101.7.127","ADTN12345678","onu-0/7-127 - initial provision"
"172.17.0.203","8","127","onu 1101.8.127","ADTN12345678","onu-0/8-127 - initial provision"
"172.17.0.203","9","127","onu 1101.9.127","ADTN12345678","onu-0/9-127 - initial provision"
"172.17.0.203","10","127","onu 1101.10.127","ADTN12345678","onu-0/10-127 - initial provision"
"172.17.0.203","11","127","onu 1101.11.127","ADTN12345678","onu-0/11-127 - initial provision"
"172.17.0.203","12","127","onu 1101.12.127","ADTN12345678","onu-0/12-127 - initial provision"
"172.17.0.203","13","127","onu 1101.13.127","ADTN12345678","onu-0/13-127 - initial provision"
"172.17.0.203","14","127","onu 1101.14.127","ADTN12345678","onu-0/14-127 - initial provision"
"172.17.0.203","15","127","onu 1101.15.127","ADTN12345678","onu-0/15-127 - initial provision"
"172.17.0.203","16","0","onu 1101.0.0","ATDN12345678","onu-0/0-0 - Feka Test"
"172.17.0.203","1","127","onu 1101.1.127","ADTN12345678","onu-0/1-127 - initial provision"
"172.17.0.203","2","127","onu 1101.2.127","ADTN12345678","onu-0/2-127 - initial provision"
"172.17.0.203","3","127","onu 1101.3.127","ADTN12345678","onu-0/3-127 - initial provision"
"172.17.0.203","4","127","onu 1101.4.127","ADTN12345678","onu-0/4-127 - initial provision"
"172.17.0.203","5","127","onu 1101.5.127","ADTN12345678","onu-0/5-127 - initial provision"
"172.17.0.203","6","127","onu 1101.6.127","ADTN12345678","onu-0/6-127 - initial provision"
"172.17.0.203","7","127","onu 1101.7.127","ADTN12345678","onu-0/7-127 - initial provision"
"172.17.0.203","8","127","onu 1101.8.127","ADTN12345678","onu-0/8-127 - initial provision"
"172.17.0.203","9","127","onu 1101.9.127","ADTN12345678","onu-0/9-127 - initial provision"
"172.17.0.203","10","127","onu 1101.10.127","ADTN12345678","onu-0/10-127 - initial provision"
"172.17.0.203","11","127","onu 1101.11.127","ADTN12345678","onu-0/11-127 - initial provision"
"172.17.0.203","12","127","onu 1101.12.127","ADTN12345678","onu-0/12-127 - initial provision"
"172.17.0.203","13","127","onu 1101.13.127","ADTN12345678","onu-0/13-127 - initial provision"
"172.17.0.203","14","127","onu 1101.14.127","ADTN12345678","onu-0/14-127 - initial provision"
"172.17.0.203","15","127","onu 1101.15.127","ADTN12345678","onu-0/15-127 - initial provision"
"172.17.0.203","16","0","onu 1101.0.0","ATDN12345678","onu-0/0-0 - Feka Test"
"172.17.1.71","1","127","onu 1101.1.127","ADTN12345678","onu-0/1-127 - initial provision"
"172.17.1.71","2","127","onu 1101.2.127","ADTN12345678","onu-0/2-127 - initial provision"
"172.17.1.71","3","127","onu 1101.3.127","ADTN12345678","onu-0/3-127 - initial provision"
"172.17.1.71","4","127","onu 1101.4.127","ADTN12345678","onu-0/4-127 - initial provision"
"172.17.1.71","5","127","onu 1101.5.127","ADTN12345678","onu-0/5-127 - initial provision"
"172.17.1.71","6","127","onu 1101.6.127","ADTN12345678","onu-0/6-127 - initial provision"
"172.17.1.71","7","127","onu 1101.7.127","ADTN12345678","onu-0/7-127 - initial provision"
"172.17.1.71","8","127","onu 1101.8.127","ADTN12345678","onu-0/8-127 - initial provision"
"172.17.1.71","9","127","onu 1101.9.127","ADTN12345678","onu-0/9-127 - initial provision"
"172.17.1.71","10","127","onu 1101.10.127","ADTN12345678","onu-0/10-127 - initial provision"
"172.17.1.71","11","127","onu 1101.11.127","ADTN12345678","onu-0/11-127 - initial provision"
"172.17.1.71","12","127","onu 1101.12.127","ADTN12345678","onu-0/12-127 - initial provision"
"172.17.1.71","13","127","onu 1101.13.127","ADTN12345678","onu-0/13-127 - initial provision"
"172.17.1.71","14","127","onu 1101.14.127","ADTN12345678","onu-0/14-127 - initial provision"
"172.17.1.71","15","127","onu 1101.15.127","ADTN12345678","onu-0/15-127 - initial provision"
"172.17.1.71","16","127","onu 1101.0.127","ADTN12345678","onu-0/0-127 - initial provision"
"172.17.0.197","3","0","onu 1101.3.0","ADTN12345678","onu-0/3-0 - Unused"
"172.17.0.197","7","0","onu 1101.7.0","ADTN12345678","onu-0/7-0 - Unused"
"172.17.0.197","1","127","onu 1101.1.127","ADTN12345678","onu-0/1-127 - initial provision"
"172.17.0.197","2","127","onu 1101.2.127","ADTN12345678","onu-0/2-127 - initial provision"
"172.17.0.197","3","127","onu 1101.3.127","ADTN12345678","onu-0/3-127 - initial provision"
"172.17.0.197","4","127","onu 1101.4.127","ADTN12345678","onu-0/4-127 - initial provision"
"172.17.0.197","5","127","onu 1101.5.127","ADTN12345678","onu-0/5-127 - initial provision"
"172.17.0.197","6","127","onu 1101.6.127","ADTN12345678","onu-0/6-127 - initial provision"
"172.17.0.197","7","127","onu 1101.7.127","ADTN12345678","onu-0/7-127 - initial provision"
"172.17.0.197","8","127","onu 1101.8.127","ADTN12345678","onu-0/8-127 - initial provision"
"172.17.0.197","9","127","onu 1101.9.127","ADTN12345678","onu-0/9-127 - initial provision"
"172.17.0.197","10","127","onu 1101.10.127","ADTN12345678","onu-0/10-127 - initial provision"
"172.17.0.197","11","127","onu 1101.11.127","ADTN12345678","onu-0/11-127 - initial provision"
"172.17.0.197","12","127","onu 1101.12.127","ADTN12345678","onu-0/12-127 - initial provision"
"172.17.0.197","13","127","onu 1101.13.127","ADTN12345678","onu-0/13-127 - initial provision"
"172.17.0.197","14","127","onu 1101.14.127","ADTN12345678","onu-0/14-127 - initial provision"
"172.17.0.197","15","127","onu 1101.15.127","ADTN12345678","onu-0/15-127 - initial provision"
"172.17.0.197","8","7","onu 1101.8.7","ADTN11112222","onu-0/8-7 - Dummy ONU"
"172.17.0.201","1","127","onu 1101.1.127","ADTN12345678","onu-0/1-127 - initial provision"
"172.17.0.201","2","127","onu 1101.2.127","ADTN12345678","onu-0/2-127 - initial provision"
"172.17.0.201","3","127","onu 1101.3.127","ADTN12345678","onu-0/3-127 - initial provision"
"172.17.0.201","4","127","onu 1101.4.127","ADTN12345678","onu-0/4-127 - initial provision"
"172.17.0.201","5","127","onu 1101.5.127","ADTN12345678","onu-0/5-127 - initial provision"
"172.17.0.201","6","127","onu 1101.6.127","ADTN12345678","onu-0/6-127 - initial provision"
"172.17.0.201","7","127","onu 1101.7.127","ADTN12345678","onu-0/7-127 - initial provision"
"172.17.0.201","8","127","onu 1101.8.127","ADTN12345678","onu-0/8-127 - initial provision"
"172.17.0.201","9","127","onu 1101.9.127","ADTN12345678","onu-0/9-127 - initial provision"
"172.17.0.201","10","127","onu 1101.10.127","ADTN12345678","onu-0/10-127 - initial provision"
"172.17.0.201","11","127","onu 1101.11.127","ADTN12345678","onu-0/11-127 - initial provision"
"172.17.0.201","12","127","onu 1101.12.127","ADTN12345678","onu-0/12-127 - initial provision"
"172.17.0.201","13","127","onu 1101.13.127","ADTN12345678","onu-0/13-127 - initial provision"
"172.17.0.201","14","127","onu 1101.14.127","ADTN12345678","onu-0/14-127 - initial provision"
"172.17.0.201","15","127","onu 1101.15.127","ADTN12345678","onu-0/15-127 - initial provision"
"172.17.0.201","16","2","onu 1101.0.2","ADTN12345678","onu-0/0-2 - 39 Briardene Way, PETERLEE, SR8 3NR"
"172.17.0.201","16","6","onu 1101.0.6","ADTN88888888","<onu-id-long> - BLANK"
"172.17.1.66","1","127","onu 1101.1.127","ADTN12345678","onu-0/1-127 - initial provision"
"172.17.1.66","2","127","onu 1101.2.127","ADTN12345678","onu-0/2-127 - initial provision"
"172.17.1.66","3","127","onu 1101.3.127","ADTN12345678","onu-0/3-127 - initial provision"
"172.17.1.66","4","127","onu 1101.4.127","ADTN12345678","onu-0/4-127 - initial provision"
"172.17.1.66","5","127","onu 1101.5.127","ADTN12345678","onu-0/5-127 - initial provision"
"172.17.1.66","6","127","onu 1101.6.127","ADTN12345678","onu-0/6-127 - initial provision"
"172.17.1.66","7","127","onu 1101.7.127","ADTN12345678","onu-0/7-127 - initial provision"
"172.17.1.66","8","127","onu 1101.8.127","ADTN12345678","onu-0/8-127 - initial provision"
"172.17.1.66","9","127","onu 1101.9.127","ADTN12345678","onu-0/9-127 - initial provision"
"172.17.1.66","10","127","onu 1101.10.127","ADTN12345678","onu-0/10-127 - initial provision"
"172.17.1.66","11","127","onu 1101.11.127","ADTN12345678","onu-0/11-127 - initial provision"
"172.17.1.66","12","127","onu 1101.12.127","ADTN12345678","onu-0/12-127 - initial provision"
"172.17.1.66","13","127","onu 1101.13.127","ADTN12345678","onu-0/13-127 - initial provision"
"172.17.1.66","14","127","onu 1101.14.127","ADTN12345678","onu-0/14-127 - initial provision"
"172.17.1.66","15","127","onu 1101.15.127","ADTN12345678","onu-0/15-127 - initial provision"
"172.17.1.66","16","127","onu 1101.0.127","ADTN12345678","onu-0/0-127 - initial provision"
"172.17.1.66","1","5","onu 1101.1.5","ADTN20116E15","onu-0/1-5 - 43 Rushmoor DL16 6NX"
"172.17.1.74","1","127","onu 1101.1.127","ADTN12345678","onu-0/1-127 - initial provision"
"172.17.1.74","2","127","onu 1101.2.127","ADTN12345678","onu-0/2-127 - initial provision"
"172.17.1.74","3","127","onu 1101.3.127","ADTN12345678","onu-0/3-127 - initial provision"
"172.17.1.74","4","127","onu 1101.4.127","ADTN12345678","onu-0/4-127 - initial provision"
"172.17.1.74","5","127","onu 1101.5.127","ADTN12345678","onu-0/5-127 - initial provision"
"172.17.1.74","6","127","onu 1101.6.127","ADTN12345678","onu-0/6-127 - initial provision"
"172.17.1.74","7","127","onu 1101.7.127","ADTN12345678","onu-0/7-127 - initial provision"
"172.17.1.74","8","127","onu 1101.8.127","ADTN12345678","onu-0/8-127 - initial provision"
"172.17.1.74","9","127","onu 1101.9.127","ADTN12345678","onu-0/9-127 - initial provision"
"172.17.1.74","10","127","onu 1101.10.127","ADTN12345678","onu-0/10-127 - initial provision"
"172.17.1.74","11","127","onu 1101.11.127","ADTN12345678","onu-0/11-127 - initial provision"
"172.17.1.74","12","127","onu 1101.12.127","ADTN12345678","onu-0/12-127 - initial provision"
"172.17.1.74","13","127","onu 1101.13.127","ADTN12345678","onu-0/13-127 - initial provision"
"172.17.1.74","14","127","onu 1101.14.127","ADTN12345678","onu-0/14-127 - initial provision"
"172.17.1.74","15","127","onu 1101.15.127","ADTN12345678","onu-0/15-127 - initial provision"
"172.17.1.74","16","127","onu 1101.0.127","ADTN12345678","onu-0/0-127 - initial provision"
"172.17.1.68","1","127","onu 1101.1.127","ADTN12345678","onu-0/1-127 - initial provision"
"172.17.1.68","2","127","onu 1101.2.127","ADTN12345678","onu-0/2-127 - initial provision"
"172.17.1.68","3","127","onu 1101.3.127","ADTN12345678","onu-0/3-127 - initial provision"
"172.17.1.68","4","127","onu 1101.4.127","ADTN12345678","onu-0/4-127 - initial provision"
"172.17.1.68","5","127","onu 1101.5.127","ADTN12345678","onu-0/5-127 - initial provision"
"172.17.1.68","6","127","onu 1101.6.127","ADTN12345678","onu-0/6-127 - initial provision"
"172.17.1.68","7","127","onu 1101.7.127","ADTN12345678","onu-0/7-127 - initial provision"
"172.17.1.68","8","127","onu 1101.8.127","ADTN12345678","onu-0/8-127 - initial provision"
"172.17.1.68","9","127","onu 1101.9.127","ADTN12345678","onu-0/9-127 - initial provision"
"172.17.1.68","10","127","onu 1101.10.127","ADTN12345678","onu-0/10-127 - initial provision"
"172.17.1.68","11","127","onu 1101.11.127","ADTN12345678","onu-0/11-127 - initial provision"
"172.17.1.68","12","127","onu 1101.12.127","ADTN12345678","onu-0/12-127 - initial provision"
"172.17.1.68","13","127","onu 1101.13.127","ADTN12345678","onu-0/13-127 - initial provision"
"172.17.1.68","14","127","onu 1101.14.127","ADTN12345678","onu-0/14-127 - initial provision"
"172.17.1.68","15","127","onu 1101.15.127","ADTN12345678","onu-0/15-127 - initial provision"
"172.17.1.68","16","127","onu 1101.0.127","ADTN12345678","onu-0/0-127 - initial provision"
"172.17.1.68","10","0","onu 1101.10.0","ADTN20304CE4","onu-0/10-0 - 15 Barrington Terrace, Ferryhill, DL17 8NW"
"172.17.1.68","16","3","onu 1101.0.3","ADTN20116D03","onu-0/0-3 - 11 Hewick Rd Spennymoor"
"172.17.1.69","1","127","onu 1101.1.127","ADTN12345678","onu-0/1-127 - initial provision"
"172.17.1.69","2","127","onu 1101.2.127","ADTN12345678","onu-0/2-127 - initial provision"
"172.17.1.69","3","127","onu 1101.3.127","ADTN12345678","onu-0/3-127 - initial provision"
"172.17.1.69","4","127","onu 1101.4.127","ADTN12345678","onu-0/4-127 - initial provision"
"172.17.1.69","5","127","onu 1101.5.127","ADTN12345678","onu-0/5-127 - initial provision"
"172.17.1.69","6","127","onu 1101.6.127","ADTN12345678","onu-0/6-127 - initial provision"
"172.17.1.69","7","127","onu 1101.7.127","ADTN12345678","onu-0/7-127 - initial provision"
"172.17.1.69","8","127","onu 1101.8.127","ADTN12345678","onu-0/8-127 - initial provision"
"172.17.1.69","9","127","onu 1101.9.127","ADTN12345678","onu-0/9-127 - initial provision"
"172.17.1.69","10","127","onu 1101.10.127","ADTN12345678","onu-0/10-127 - initial provision"
"172.17.1.69","11","127","onu 1101.11.127","ADTN12345678","onu-0/11-127 - initial provision"
"172.17.1.69","12","127","onu 1101.12.127","ADTN12345678","onu-0/12-127 - initial provision"
"172.17.1.69","13","127","onu 1101.13.127","ADTN12345678","onu-0/13-127 - initial provision"
"172.17.1.69","14","127","onu 1101.14.127","ADTN12345678","onu-0/14-127 - initial provision"
"172.17.1.69","15","127","onu 1101.15.127","ADTN12345678","onu-0/15-127 - initial provision"
"172.17.1.69","16","127","onu 1101.0.127","ADTN12345678","onu-0/0-127 - initial provision"
"172.17.1.69","12","11","onu 1101.12.11","ADTN20116CFF","onu-0/12-11 - 19 Meadow Green Spennymoor"
"172.17.1.69","11","10","onu 1101.11.10","ADTN20116D06","onu-0/11-10 - 6 Castle Close Spennymoor"
"172.17.1.70","1","127","onu 1101.1.127","ADTN12345678","onu-0/1-127 - initial provision"
"172.17.1.70","2","127","onu 1101.2.127","ADTN12345678","onu-0/2-127 - initial provision"
"172.17.1.70","3","127","onu 1101.3.127","ADTN12345678","onu-0/3-127 - initial provision"
"172.17.1.70","4","127","onu 1101.4.127","ADTN12345678","onu-0/4-127 - initial provision"
"172.17.1.70","5","127","onu 1101.5.127","ADTN12345678","onu-0/5-127 - initial provision"
"172.17.1.70","6","127","onu 1101.6.127","ADTN12345678","onu-0/6-127 - initial provision"
"172.17.1.70","7","127","onu 1101.7.127","ADTN12345678","onu-0/7-127 - initial provision"
"172.17.1.70","8","127","onu 1101.8.127","ADTN12345678","onu-0/8-127 - initial provision"
"172.17.1.70","9","127","onu 1101.9.127","ADTN12345678","onu-0/9-127 - initial provision"
"172.17.1.70","10","127","onu 1101.10.127","ADTN12345678","onu-0/10-127 - initial provision"
"172.17.1.70","11","127","onu 1101.11.127","ADTN12345678","onu-0/11-127 - initial provision"
"172.17.1.70","12","127","onu 1101.12.127","ADTN12345678","onu-0/12-127 - initial provision"
"172.17.1.70","13","127","onu 1101.13.127","ADTN12345678","onu-0/13-127 - initial provision"
"172.17.1.70","14","127","onu 1101.14.127","ADTN12345678","onu-0/14-127 - initial provision"
"172.17.1.70","15","127","onu 1101.15.127","ADTN12345678","onu-0/15-127 - initial provision"
"172.17.1.70","16","127","onu 1101.0.127","ADTN12345678","onu-0/0-127 - initial provision"
"172.17.1.70","2","1","onu 1101.2.1","ADTN12345678","bug fix"
"172.17.1.67","1","127","onu 1101.1.127","ADTN12345678","onu-0/1-127 - initial provision"
"172.17.1.67","2","127","onu 1101.2.127","ADTN12345678","onu-0/2-127 - initial provision"
"172.17.1.67","3","127","onu 1101.3.127","ADTN12345678","onu-0/3-127 - initial provision"
"172.17.1.67","4","127","onu 1101.4.127","ADTN12345678","onu-0/4-127 - initial provision"
"172.17.1.67","5","127","onu 1101.5.127","ADTN12345678","onu-0/5-127 - initial provision"
"172.17.1.67","6","127","onu 1101.6.127","ADTN12345678","onu-0/6-127 - initial provision"
"172.17.1.67","7","127","onu 1101.7.127","ADTN12345678","onu-0/7-127 - initial provision"
"172.17.1.67","8","127","onu 1101.8.127","ADTN12345678","onu-0/8-127 - initial provision"
"172.17.1.67","9","127","onu 1101.9.127","ADTN12345678","onu-0/9-127 - initial provision"
"172.17.1.67","10","127","onu 1101.10.127","ADTN12345678","onu-0/10-127 - initial provision"
"172.17.1.67","11","127","onu 1101.11.127","ADTN12345678","onu-0/11-127 - initial provision"
"172.17.1.67","12","127","onu 1101.12.127","ADTN12345678","onu-0/12-127 - initial provision"
"172.17.1.67","13","127","onu 1101.13.127","ADTN12345678","onu-0/13-127 - initial provision"
"172.17.1.67","14","127","onu 1101.14.127","ADTN12345678","onu-0/14-127 - initial provision"
"172.17.1.67","15","127","onu 1101.15.127","ADTN12345678","onu-0/15-127 - initial provision"
"172.17.1.67","16","127","onu 1101.0.127","ADTN12345678","onu-0/0-127 - initial provision"
"172.17.1.75","1","127","onu 1101.1.127","ADTN12345678","onu-0/1-127 - initial provision"
"172.17.1.75","2","127","onu 1101.2.127","ADTN12345678","onu-0/2-127 - initial provision"
"172.17.1.75","3","127","onu 1101.3.127","ADTN12345678","onu-0/3-127 - initial provision"
"172.17.1.75","4","127","onu 1101.4.127","ADTN12345678","onu-0/4-127 - initial provision"
"172.17.1.75","5","127","onu 1101.5.127","ADTN12345678","onu-0/5-127 - initial provision"
"172.17.1.75","6","127","onu 1101.6.127","ADTN12345678","onu-0/6-127 - initial provision"
"172.17.1.75","7","127","onu 1101.7.127","ADTN12345678","onu-0/7-127 - initial provision"
"172.17.1.75","8","127","onu 1101.8.127","ADTN12345678","onu-0/8-127 - initial provision"
"172.17.1.75","9","127","onu 1101.9.127","ADTN12345678","onu-0/9-127 - initial provision"
"172.17.1.75","10","127","onu 1101.10.127","ADTN12345678","onu-0/10-127 - initial provision"
"172.17.1.75","11","127","onu 1101.11.127","ADTN12345678","onu-0/11-127 - initial provision"
"172.17.1.75","12","127","onu 1101.12.127","ADTN12345678","onu-0/12-127 - initial provision"
"172.17.1.75","13","127","onu 1101.13.127","ADTN12345678","onu-0/13-127 - initial provision"
"172.17.1.75","14","127","onu 1101.14.127","ADTN12345678","onu-0/14-127 - initial provision"
"172.17.1.75","15","127","onu 1101.15.127","ADTN12345678","onu-0/15-127 - initial provision"
"172.17.1.75","16","127","onu 1101.0.127","ADTN12345678","onu-0/0-127 - initial provision"
"172.17.1.67","1","127","onu 1101.1.127","ADTN12345678","onu-0/1-127 - initial provision"
"172.17.1.67","2","127","onu 1101.2.127","ADTN12345678","onu-0/2-127 - initial provision"
"172.17.1.67","3","127","onu 1101.3.127","ADTN12345678","onu-0/3-127 - initial provision"
"172.17.1.67","4","127","onu 1101.4.127","ADTN12345678","onu-0/4-127 - initial provision"
"172.17.1.67","5","127","onu 1101.5.127","ADTN12345678","onu-0/5-127 - initial provision"
"172.17.1.67","6","127","onu 1101.6.127","ADTN12345678","onu-0/6-127 - initial provision"
"172.17.1.67","7","127","onu 1101.7.127","ADTN12345678","onu-0/7-127 - initial provision"
"172.17.1.67","8","127","onu 1101.8.127","ADTN12345678","onu-0/8-127 - initial provision"
"172.17.1.67","9","127","onu 1101.9.127","ADTN12345678","onu-0/9-127 - initial provision"
"172.17.1.67","10","127","onu 1101.10.127","ADTN12345678","onu-0/10-127 - initial provision"
"172.17.1.67","11","127","onu 1101.11.127","ADTN12345678","onu-0/11-127 - initial provision"
"172.17.1.67","12","127","onu 1101.12.127","ADTN12345678","onu-0/12-127 - initial provision"
"172.17.1.67","13","127","onu 1101.13.127","ADTN12345678","onu-0/13-127 - initial provision"
"172.17.1.67","14","127","onu 1101.14.127","ADTN12345678","onu-0/14-127 - initial provision"
"172.17.1.67","15","127","onu 1101.15.127","ADTN12345678","onu-0/15-127 - initial provision"
"172.17.1.67","16","127","onu 1101.0.127","ADTN12345678","onu-0/0-127 - initial provision"
"172.17.1.72","1","127","onu 1101.1.127","ADTN12345678","onu-0/1-127 - initial provision"
"172.17.1.72","2","127","onu 1101.2.127","ADTN12345678","onu-0/2-127 - initial provision"
"172.17.1.72","3","127","onu 1101.3.127","ADTN12345678","onu-0/3-127 - initial provision"
"172.17.1.72","4","127","onu 1101.4.127","ADTN12345678","onu-0/4-127 - initial provision"
"172.17.1.72","5","127","onu 1101.5.127","ADTN12345678","onu-0/5-127 - initial provision"
"172.17.1.72","6","127","onu 1101.6.127","ADTN12345678","onu-0/6-127 - initial provision"
"172.17.1.72","7","127","onu 1101.7.127","ADTN12345678","onu-0/7-127 - initial provision"
"172.17.1.72","8","127","onu 1101.8.127","ADTN12345678","onu-0/8-127 - initial provision"
"172.17.1.72","9","127","onu 1101.9.127","ADTN12345678","onu-0/9-127 - initial provision"
"172.17.1.72","10","127","onu 1101.10.127","ADTN12345678","onu-0/10-127 - initial provision"
"172.17.1.72","11","127","onu 1101.11.127","ADTN12345678","onu-0/11-127 - initial provision"
"172.17.1.72","12","127","onu 1101.12.127","ADTN12345678","onu-0/12-127 - initial provision"
"172.17.1.72","13","127","onu 1101.13.127","ADTN12345678","onu-0/13-127 - initial provision"
"172.17.1.72","14","127","onu 1101.14.127","ADTN12345678","onu-0/14-127 - initial provision"
"172.17.1.72","15","127","onu 1101.15.127","ADTN12345678","onu-0/15-127 - initial provision"
"172.17.1.72","16","127","onu 1101.0.127","ADTN12345678","onu-0/0-127 - initial provision"
"172.17.1.73","1","127","onu 1101.1.127","ADTN12345678","onu-0/1-127 - initial provision"
"172.17.1.73","2","127","onu 1101.2.127","ADTN12345678","onu-0/2-127 - initial provision"
"172.17.1.73","3","127","onu 1101.3.127","ADTN12345678","onu-0/3-127 - initial provision"
"172.17.1.73","4","127","onu 1101.4.127","ADTN12345678","onu-0/4-127 - initial provision"
"172.17.1.73","5","127","onu 1101.5.127","ADTN12345678","onu-0/5-127 - initial provision"
"172.17.1.73","6","127","onu 1101.6.127","ADTN12345678","onu-0/6-127 - initial provision"
"172.17.1.73","7","127","onu 1101.7.127","ADTN12345678","onu-0/7-127 - initial provision"
"172.17.1.73","8","127","onu 1101.8.127","ADTN12345678","onu-0/8-127 - initial provision"
"172.17.1.73","9","127","onu 1101.9.127","ADTN12345678","onu-0/9-127 - initial provision"
"172.17.1.73","10","127","onu 1101.10.127","ADTN12345678","onu-0/10-127 - initial provision"
"172.17.1.73","11","127","onu 1101.11.127","ADTN12345678","onu-0/11-127 - initial provision"
"172.17.1.73","12","127","onu 1101.12.127","ADTN12345678","onu-0/12-127 - initial provision"
"172.17.1.73","13","127","onu 1101.13.127","ADTN12345678","onu-0/13-127 - initial provision"
"172.17.1.73","14","127","onu 1101.14.127","ADTN12345678","onu-0/14-127 - initial provision"
"172.17.1.73","15","127","onu 1101.15.127","ADTN12345678","onu-0/15-127 - initial provision"
"172.17.1.73","16","127","onu 1101.0.127","ADTN12345678","onu-0/0-127 - initial provision"
"172.17.0.209","1","127","onu 1101.1.127","ADTN12345678","onu-0/1-127 - initial provision"
"172.17.0.209","2","127","onu 1101.2.127","ADTN12345678","onu-0/2-127 - initial provision"
"172.17.0.209","3","127","onu 1101.3.127","ADTN12345678","onu-0/3-127 - initial provision"
"172.17.0.209","4","127","onu 1101.4.127","ADTN12345678","onu-0/4-127 - initial provision"
"172.17.0.209","5","127","onu 1101.5.127","ADTN12345678","onu-0/5-127 - initial provision"
"172.17.0.209","6","127","onu 1101.6.127","ADTN12345678","onu-0/6-127 - initial provision"
"172.17.0.209","7","127","onu 1101.7.127","ADTN12345678","onu-0/7-127 - initial provision"
"172.17.0.209","8","127","onu 1101.8.127","ADTN12345678","onu-0/8-127 - initial provision"
"172.17.0.209","9","127","onu 1101.9.127","ADTN12345678","onu-0/9-127 - initial provision"
"172.17.0.209","10","127","onu 1101.10.127","ADTN12345678","onu-0/10-127 - initial provision"
"172.17.0.209","11","127","onu 1101.11.127","ADTN12345678","onu-0/11-127 - initial provision"
"172.17.0.209","12","127","onu 1101.12.127","ADTN12345678","onu-0/12-127 - initial provision"
"172.17.0.209","13","127","onu 1101.13.127","ADTN12345678","onu-0/13-127 - initial provision"
"172.17.0.209","14","127","onu 1101.14.127","ADTN12345678","onu-0/14-127 - initial provision"
"172.17.0.209","15","127","onu 1101.15.127","ADTN12345678","onu-0/15-127 - initial provision"
"172.17.0.209","1","127","onu 1101.1.127","ADTN12345678","onu-0/1-127 - initial provision"
"172.17.0.209","2","127","onu 1101.2.127","ADTN12345678","onu-0/2-127 - initial provision"
"172.17.0.209","3","127","onu 1101.3.127","ADTN12345678","onu-0/3-127 - initial provision"
"172.17.0.209","4","127","onu 1101.4.127","ADTN12345678","onu-0/4-127 - initial provision"
"172.17.0.209","5","127","onu 1101.5.127","ADTN12345678","onu-0/5-127 - initial provision"
"172.17.0.209","6","127","onu 1101.6.127","ADTN12345678","onu-0/6-127 - initial provision"
"172.17.0.209","7","127","onu 1101.7.127","ADTN12345678","onu-0/7-127 - initial provision"
"172.17.0.209","8","127","onu 1101.8.127","ADTN12345678","onu-0/8-127 - initial provision"
"172.17.0.209","9","127","onu 1101.9.127","ADTN12345678","onu-0/9-127 - initial provision"
"172.17.0.209","10","127","onu 1101.10.127","ADTN12345678","onu-0/10-127 - initial provision"
"172.17.0.209","11","127","onu 1101.11.127","ADTN12345678","onu-0/11-127 - initial provision"
"172.17.0.209","12","127","onu 1101.12.127","ADTN12345678","onu-0/12-127 - initial provision"
"172.17.0.209","13","127","onu 1101.13.127","ADTN12345678","onu-0/13-127 - initial provision"
"172.17.0.209","14","127","onu 1101.14.127","ADTN12345678","onu-0/14-127 - initial provision"
"172.17.0.209","15","127","onu 1101.15.127","ADTN12345678","onu-0/15-127 - initial provision"
"172.17.4.133","4","2","onu 1101.4.2","ADTN201179C5","onu-0/4-2 - 90 Broad Acre Road, Cheltenham GL52 3HU"
"172.17.4.133","5","0","onu 1101.5.0","ADTN20117943","onu-0/5-0 - 11 Bushel Road, Cheltenham GL52 3NA"